<?xml version="1.0" encoding="UTF-8"?>
<!--UGC_VERSION = 1024-->
<XML_DOCUMENT xmlns:SOAP-ENC="http://schemas.xmlsoap.org/soap/encoding/">
    <PTC_HEADER>
        <VENDOR>Parametric Technology Corporation</VENDOR>
        <PRODUCT>Creo Parametric 3902021164</PRODUCT>
        <XML_VERSION>1.0</XML_VERSION>
        <HOST_NAME>LAPTOP-449MLQT0</HOST_NAME>
        <USER>lucas</USER>
        <MACHINE_TYPE> Intel64 Family 6 Model 158 Stepping 10  GenuineIntel  2208 MHz</MACHINE_TYPE>
    </PTC_HEADER>
    <item item_type="4" pointer="TRUE" tag="SUMMARY OF IMPORT PROCESSING">
        <name pointer="TRUE" type="9">
            <value__PO__ws_val__PC__>Zusammenfassung über Import-Verarbeitung</value__PO__ws_val__PC__>
        </name>
        <item__PO__item_set__PC__ pointer="TRUE" tag="NULL">
            <name>NULL</name>
            <items SOAP-ENC:Array="[22]">
                <items_ENTRY item_type="2" pointer="TRUE" tag="Page info">
                    <name>NULL</name>
                    <item__PO__ent__PC__ pointer="TRUE" tag="NULL">
                        <name>NULL</name>
                        <attrs SOAP-ENC:Array="[3]">
                            <attrs_ENTRY pointer="TRUE" tag="current page">
                                <name pointer="TRUE" type="6">
                                    <value__PO__cs_val__PC__>current page</value__PO__cs_val__PC__>
                                </name>
                                <value pointer="TRUE" type="1">
                                    <value__PO__i_val__PC__>1</value__PO__i_val__PC__>
                                </value>
                            </attrs_ENTRY>
                            <attrs_ENTRY pointer="TRUE" tag="total pages">
                                <name pointer="TRUE" type="6">
                                    <value__PO__cs_val__PC__>total pages</value__PO__cs_val__PC__>
                                </name>
                                <value pointer="TRUE" type="1">
                                    <value__PO__i_val__PC__>11</value__PO__i_val__PC__>
                                </value>
                            </attrs_ENTRY>
                            <attrs_ENTRY pointer="TRUE" tag="short log">
                                <name pointer="TRUE" type="6">
                                    <value__PO__cs_val__PC__>short log</value__PO__cs_val__PC__>
                                </name>
                                <value pointer="TRUE" type="1">
                                    <value__PO__i_val__PC__>1</value__PO__i_val__PC__>
                                </value>
                            </attrs_ENTRY>
                        </attrs>
                    </item__PO__ent__PC__>
                </items_ENTRY>
                <items_ENTRY item_type="2" pointer="TRUE" tag="Input data">
                    <name pointer="TRUE" type="9">
                        <value__PO__ws_val__PC__>Allgemeine Informationen</value__PO__ws_val__PC__>
                    </name>
                    <item__PO__ent__PC__ pointer="TRUE" tag="NULL">
                        <name>NULL</name>
                        <attrs SOAP-ENC:Array="[3]">
                            <attrs_ENTRY pointer="TRUE" tag="Interface type">
                                <name pointer="TRUE" type="9">
                                    <value__PO__ws_val__PC__>Schnittstellentyp:</value__PO__ws_val__PC__>
                                </name>
                                <value pointer="TRUE" type="6">
                                    <value__PO__cs_val__PC__>STEP</value__PO__cs_val__PC__>
                                </value>
                            </attrs_ENTRY>
                            <attrs_ENTRY pointer="TRUE" tag="File name">
                                <name pointer="TRUE" type="9">
                                    <value__PO__ws_val__PC__>Dateiname:</value__PO__ws_val__PC__>
                                </name>
                                <value pointer="TRUE" type="10">
                                    <value__PO__ws_val__PC__>C:\Users\lucas\Desktop\KSD301 v8.step</value__PO__ws_val__PC__>
                                </value>
                            </attrs_ENTRY>
                            <attrs_ENTRY pointer="TRUE" tag="Model name">
                                <name pointer="TRUE" type="9">
                                    <value__PO__ws_val__PC__>Modellname:</value__PO__ws_val__PC__>
                                </name>
                                <value pointer="TRUE" type="10">
                                    <value__PO__ws_val__PC__>KSD301_V8</value__PO__ws_val__PC__>
                                </value>
                            </attrs_ENTRY>
                        </attrs>
                    </item__PO__ent__PC__>
                </items_ENTRY>
                <items_ENTRY item_type="2" pointer="TRUE" tag="Page info 2">
                    <name>NULL</name>
                    <item__PO__ent__PC__ pointer="TRUE" tag="NULL">
                        <name>NULL</name>
                        <attrs SOAP-ENC:Array="[3]">
                            <attrs_ENTRY pointer="TRUE" tag="current page">
                                <name pointer="TRUE" type="6">
                                    <value__PO__cs_val__PC__>current page</value__PO__cs_val__PC__>
                                </name>
                                <value pointer="TRUE" type="1">
                                    <value__PO__i_val__PC__>2</value__PO__i_val__PC__>
                                </value>
                            </attrs_ENTRY>
                            <attrs_ENTRY pointer="TRUE" tag="total pages">
                                <name pointer="TRUE" type="6">
                                    <value__PO__cs_val__PC__>total pages</value__PO__cs_val__PC__>
                                </name>
                                <value pointer="TRUE" type="1">
                                    <value__PO__i_val__PC__>11</value__PO__i_val__PC__>
                                </value>
                            </attrs_ENTRY>
                            <attrs_ENTRY pointer="TRUE" tag="short log">
                                <name pointer="TRUE" type="6">
                                    <value__PO__cs_val__PC__>short log</value__PO__cs_val__PC__>
                                </name>
                                <value pointer="TRUE" type="1">
                                    <value__PO__i_val__PC__>1</value__PO__i_val__PC__>
                                </value>
                            </attrs_ENTRY>
                        </attrs>
                    </item__PO__ent__PC__>
                </items_ENTRY>
                <items_ENTRY item_type="2" pointer="TRUE" tag="Input data 2">
                    <name pointer="TRUE" type="9">
                        <value__PO__ws_val__PC__>Allgemeine Informationen</value__PO__ws_val__PC__>
                    </name>
                    <item__PO__ent__PC__ pointer="TRUE" tag="NULL">
                        <name>NULL</name>
                        <attrs SOAP-ENC:Array="[3]">
                            <attrs_ENTRY pointer="TRUE" tag="Interface type">
                                <name pointer="TRUE" type="9">
                                    <value__PO__ws_val__PC__>Schnittstellentyp:</value__PO__ws_val__PC__>
                                </name>
                                <value pointer="TRUE" type="6">
                                    <value__PO__cs_val__PC__>STEP</value__PO__cs_val__PC__>
                                </value>
                            </attrs_ENTRY>
                            <attrs_ENTRY pointer="TRUE" tag="File name">
                                <name pointer="TRUE" type="9">
                                    <value__PO__ws_val__PC__>Dateiname:</value__PO__ws_val__PC__>
                                </name>
                                <value pointer="TRUE" type="10">
                                    <value__PO__ws_val__PC__>C:\Users\lucas\Desktop\KSD301 v8.step</value__PO__ws_val__PC__>
                                </value>
                            </attrs_ENTRY>
                            <attrs_ENTRY pointer="TRUE" tag="Model name">
                                <name pointer="TRUE" type="9">
                                    <value__PO__ws_val__PC__>Modellname:</value__PO__ws_val__PC__>
                                </name>
                                <value pointer="TRUE" type="10">
                                    <value__PO__ws_val__PC__>KSD301</value__PO__ws_val__PC__>
                                </value>
                            </attrs_ENTRY>
                        </attrs>
                    </item__PO__ent__PC__>
                </items_ENTRY>
                <items_ENTRY item_type="2" pointer="TRUE" tag="Page info 3">
                    <name>NULL</name>
                    <item__PO__ent__PC__ pointer="TRUE" tag="NULL">
                        <name>NULL</name>
                        <attrs SOAP-ENC:Array="[3]">
                            <attrs_ENTRY pointer="TRUE" tag="current page">
                                <name pointer="TRUE" type="6">
                                    <value__PO__cs_val__PC__>current page</value__PO__cs_val__PC__>
                                </name>
                                <value pointer="TRUE" type="1">
                                    <value__PO__i_val__PC__>3</value__PO__i_val__PC__>
                                </value>
                            </attrs_ENTRY>
                            <attrs_ENTRY pointer="TRUE" tag="total pages">
                                <name pointer="TRUE" type="6">
                                    <value__PO__cs_val__PC__>total pages</value__PO__cs_val__PC__>
                                </name>
                                <value pointer="TRUE" type="1">
                                    <value__PO__i_val__PC__>11</value__PO__i_val__PC__>
                                </value>
                            </attrs_ENTRY>
                            <attrs_ENTRY pointer="TRUE" tag="short log">
                                <name pointer="TRUE" type="6">
                                    <value__PO__cs_val__PC__>short log</value__PO__cs_val__PC__>
                                </name>
                                <value pointer="TRUE" type="1">
                                    <value__PO__i_val__PC__>1</value__PO__i_val__PC__>
                                </value>
                            </attrs_ENTRY>
                        </attrs>
                    </item__PO__ent__PC__>
                </items_ENTRY>
                <items_ENTRY item_type="2" pointer="TRUE" tag="Input data 3">
                    <name pointer="TRUE" type="9">
                        <value__PO__ws_val__PC__>Allgemeine Informationen</value__PO__ws_val__PC__>
                    </name>
                    <item__PO__ent__PC__ pointer="TRUE" tag="NULL">
                        <name>NULL</name>
                        <attrs SOAP-ENC:Array="[3]">
                            <attrs_ENTRY pointer="TRUE" tag="Interface type">
                                <name pointer="TRUE" type="9">
                                    <value__PO__ws_val__PC__>Schnittstellentyp:</value__PO__ws_val__PC__>
                                </name>
                                <value pointer="TRUE" type="6">
                                    <value__PO__cs_val__PC__>STEP</value__PO__cs_val__PC__>
                                </value>
                            </attrs_ENTRY>
                            <attrs_ENTRY pointer="TRUE" tag="File name">
                                <name pointer="TRUE" type="9">
                                    <value__PO__ws_val__PC__>Dateiname:</value__PO__ws_val__PC__>
                                </name>
                                <value pointer="TRUE" type="10">
                                    <value__PO__ws_val__PC__>C:\Users\lucas\Desktop\KSD301 v8.step</value__PO__ws_val__PC__>
                                </value>
                            </attrs_ENTRY>
                            <attrs_ENTRY pointer="TRUE" tag="Model name">
                                <name pointer="TRUE" type="9">
                                    <value__PO__ws_val__PC__>Modellname:</value__PO__ws_val__PC__>
                                </name>
                                <value pointer="TRUE" type="10">
                                    <value__PO__ws_val__PC__>Cap</value__PO__ws_val__PC__>
                                </value>
                            </attrs_ENTRY>
                        </attrs>
                    </item__PO__ent__PC__>
                </items_ENTRY>
                <items_ENTRY item_type="2" pointer="TRUE" tag="Page info 4">
                    <name>NULL</name>
                    <item__PO__ent__PC__ pointer="TRUE" tag="NULL">
                        <name>NULL</name>
                        <attrs SOAP-ENC:Array="[3]">
                            <attrs_ENTRY pointer="TRUE" tag="current page">
                                <name pointer="TRUE" type="6">
                                    <value__PO__cs_val__PC__>current page</value__PO__cs_val__PC__>
                                </name>
                                <value pointer="TRUE" type="1">
                                    <value__PO__i_val__PC__>4</value__PO__i_val__PC__>
                                </value>
                            </attrs_ENTRY>
                            <attrs_ENTRY pointer="TRUE" tag="total pages">
                                <name pointer="TRUE" type="6">
                                    <value__PO__cs_val__PC__>total pages</value__PO__cs_val__PC__>
                                </name>
                                <value pointer="TRUE" type="1">
                                    <value__PO__i_val__PC__>11</value__PO__i_val__PC__>
                                </value>
                            </attrs_ENTRY>
                            <attrs_ENTRY pointer="TRUE" tag="short log">
                                <name pointer="TRUE" type="6">
                                    <value__PO__cs_val__PC__>short log</value__PO__cs_val__PC__>
                                </name>
                                <value pointer="TRUE" type="1">
                                    <value__PO__i_val__PC__>1</value__PO__i_val__PC__>
                                </value>
                            </attrs_ENTRY>
                        </attrs>
                    </item__PO__ent__PC__>
                </items_ENTRY>
                <items_ENTRY item_type="2" pointer="TRUE" tag="Input data 4">
                    <name pointer="TRUE" type="9">
                        <value__PO__ws_val__PC__>Allgemeine Informationen</value__PO__ws_val__PC__>
                    </name>
                    <item__PO__ent__PC__ pointer="TRUE" tag="NULL">
                        <name>NULL</name>
                        <attrs SOAP-ENC:Array="[3]">
                            <attrs_ENTRY pointer="TRUE" tag="Interface type">
                                <name pointer="TRUE" type="9">
                                    <value__PO__ws_val__PC__>Schnittstellentyp:</value__PO__ws_val__PC__>
                                </name>
                                <value pointer="TRUE" type="6">
                                    <value__PO__cs_val__PC__>STEP</value__PO__cs_val__PC__>
                                </value>
                            </attrs_ENTRY>
                            <attrs_ENTRY pointer="TRUE" tag="File name">
                                <name pointer="TRUE" type="9">
                                    <value__PO__ws_val__PC__>Dateiname:</value__PO__ws_val__PC__>
                                </name>
                                <value pointer="TRUE" type="10">
                                    <value__PO__ws_val__PC__>C:\Users\lucas\Desktop\KSD301 v8.step</value__PO__ws_val__PC__>
                                </value>
                            </attrs_ENTRY>
                            <attrs_ENTRY pointer="TRUE" tag="Model name">
                                <name pointer="TRUE" type="9">
                                    <value__PO__ws_val__PC__>Modellname:</value__PO__ws_val__PC__>
                                </name>
                                <value pointer="TRUE" type="10">
                                    <value__PO__ws_val__PC__>Flange</value__PO__ws_val__PC__>
                                </value>
                            </attrs_ENTRY>
                        </attrs>
                    </item__PO__ent__PC__>
                </items_ENTRY>
                <items_ENTRY item_type="2" pointer="TRUE" tag="Page info 5">
                    <name>NULL</name>
                    <item__PO__ent__PC__ pointer="TRUE" tag="NULL">
                        <name>NULL</name>
                        <attrs SOAP-ENC:Array="[3]">
                            <attrs_ENTRY pointer="TRUE" tag="current page">
                                <name pointer="TRUE" type="6">
                                    <value__PO__cs_val__PC__>current page</value__PO__cs_val__PC__>
                                </name>
                                <value pointer="TRUE" type="1">
                                    <value__PO__i_val__PC__>5</value__PO__i_val__PC__>
                                </value>
                            </attrs_ENTRY>
                            <attrs_ENTRY pointer="TRUE" tag="total pages">
                                <name pointer="TRUE" type="6">
                                    <value__PO__cs_val__PC__>total pages</value__PO__cs_val__PC__>
                                </name>
                                <value pointer="TRUE" type="1">
                                    <value__PO__i_val__PC__>11</value__PO__i_val__PC__>
                                </value>
                            </attrs_ENTRY>
                            <attrs_ENTRY pointer="TRUE" tag="short log">
                                <name pointer="TRUE" type="6">
                                    <value__PO__cs_val__PC__>short log</value__PO__cs_val__PC__>
                                </name>
                                <value pointer="TRUE" type="1">
                                    <value__PO__i_val__PC__>1</value__PO__i_val__PC__>
                                </value>
                            </attrs_ENTRY>
                        </attrs>
                    </item__PO__ent__PC__>
                </items_ENTRY>
                <items_ENTRY item_type="2" pointer="TRUE" tag="Input data 5">
                    <name pointer="TRUE" type="9">
                        <value__PO__ws_val__PC__>Allgemeine Informationen</value__PO__ws_val__PC__>
                    </name>
                    <item__PO__ent__PC__ pointer="TRUE" tag="NULL">
                        <name>NULL</name>
                        <attrs SOAP-ENC:Array="[3]">
                            <attrs_ENTRY pointer="TRUE" tag="Interface type">
                                <name pointer="TRUE" type="9">
                                    <value__PO__ws_val__PC__>Schnittstellentyp:</value__PO__ws_val__PC__>
                                </name>
                                <value pointer="TRUE" type="6">
                                    <value__PO__cs_val__PC__>STEP</value__PO__cs_val__PC__>
                                </value>
                            </attrs_ENTRY>
                            <attrs_ENTRY pointer="TRUE" tag="File name">
                                <name pointer="TRUE" type="9">
                                    <value__PO__ws_val__PC__>Dateiname:</value__PO__ws_val__PC__>
                                </name>
                                <value pointer="TRUE" type="10">
                                    <value__PO__ws_val__PC__>C:\Users\lucas\Desktop\KSD301 v8.step</value__PO__ws_val__PC__>
                                </value>
                            </attrs_ENTRY>
                            <attrs_ENTRY pointer="TRUE" tag="Model name">
                                <name pointer="TRUE" type="9">
                                    <value__PO__ws_val__PC__>Modellname:</value__PO__ws_val__PC__>
                                </name>
                                <value pointer="TRUE" type="10">
                                    <value__PO__ws_val__PC__>Base</value__PO__ws_val__PC__>
                                </value>
                            </attrs_ENTRY>
                        </attrs>
                    </item__PO__ent__PC__>
                </items_ENTRY>
                <items_ENTRY item_type="2" pointer="TRUE" tag="Page info 6">
                    <name>NULL</name>
                    <item__PO__ent__PC__ pointer="TRUE" tag="NULL">
                        <name>NULL</name>
                        <attrs SOAP-ENC:Array="[3]">
                            <attrs_ENTRY pointer="TRUE" tag="current page">
                                <name pointer="TRUE" type="6">
                                    <value__PO__cs_val__PC__>current page</value__PO__cs_val__PC__>
                                </name>
                                <value pointer="TRUE" type="1">
                                    <value__PO__i_val__PC__>6</value__PO__i_val__PC__>
                                </value>
                            </attrs_ENTRY>
                            <attrs_ENTRY pointer="TRUE" tag="total pages">
                                <name pointer="TRUE" type="6">
                                    <value__PO__cs_val__PC__>total pages</value__PO__cs_val__PC__>
                                </name>
                                <value pointer="TRUE" type="1">
                                    <value__PO__i_val__PC__>11</value__PO__i_val__PC__>
                                </value>
                            </attrs_ENTRY>
                            <attrs_ENTRY pointer="TRUE" tag="short log">
                                <name pointer="TRUE" type="6">
                                    <value__PO__cs_val__PC__>short log</value__PO__cs_val__PC__>
                                </name>
                                <value pointer="TRUE" type="1">
                                    <value__PO__i_val__PC__>1</value__PO__i_val__PC__>
                                </value>
                            </attrs_ENTRY>
                        </attrs>
                    </item__PO__ent__PC__>
                </items_ENTRY>
                <items_ENTRY item_type="2" pointer="TRUE" tag="Input data 6">
                    <name pointer="TRUE" type="9">
                        <value__PO__ws_val__PC__>Allgemeine Informationen</value__PO__ws_val__PC__>
                    </name>
                    <item__PO__ent__PC__ pointer="TRUE" tag="NULL">
                        <name>NULL</name>
                        <attrs SOAP-ENC:Array="[3]">
                            <attrs_ENTRY pointer="TRUE" tag="Interface type">
                                <name pointer="TRUE" type="9">
                                    <value__PO__ws_val__PC__>Schnittstellentyp:</value__PO__ws_val__PC__>
                                </name>
                                <value pointer="TRUE" type="6">
                                    <value__PO__cs_val__PC__>STEP</value__PO__cs_val__PC__>
                                </value>
                            </attrs_ENTRY>
                            <attrs_ENTRY pointer="TRUE" tag="File name">
                                <name pointer="TRUE" type="9">
                                    <value__PO__ws_val__PC__>Dateiname:</value__PO__ws_val__PC__>
                                </name>
                                <value pointer="TRUE" type="10">
                                    <value__PO__ws_val__PC__>C:\Users\lucas\Desktop\KSD301 v8.step</value__PO__ws_val__PC__>
                                </value>
                            </attrs_ENTRY>
                            <attrs_ENTRY pointer="TRUE" tag="Model name">
                                <name pointer="TRUE" type="9">
                                    <value__PO__ws_val__PC__>Modellname:</value__PO__ws_val__PC__>
                                </name>
                                <value pointer="TRUE" type="10">
                                    <value__PO__ws_val__PC__>Contact</value__PO__ws_val__PC__>
                                </value>
                            </attrs_ENTRY>
                        </attrs>
                    </item__PO__ent__PC__>
                </items_ENTRY>
                <items_ENTRY item_type="2" pointer="TRUE" tag="Page info 7">
                    <name>NULL</name>
                    <item__PO__ent__PC__ pointer="TRUE" tag="NULL">
                        <name>NULL</name>
                        <attrs SOAP-ENC:Array="[3]">
                            <attrs_ENTRY pointer="TRUE" tag="current page">
                                <name pointer="TRUE" type="6">
                                    <value__PO__cs_val__PC__>current page</value__PO__cs_val__PC__>
                                </name>
                                <value pointer="TRUE" type="1">
                                    <value__PO__i_val__PC__>7</value__PO__i_val__PC__>
                                </value>
                            </attrs_ENTRY>
                            <attrs_ENTRY pointer="TRUE" tag="total pages">
                                <name pointer="TRUE" type="6">
                                    <value__PO__cs_val__PC__>total pages</value__PO__cs_val__PC__>
                                </name>
                                <value pointer="TRUE" type="1">
                                    <value__PO__i_val__PC__>11</value__PO__i_val__PC__>
                                </value>
                            </attrs_ENTRY>
                            <attrs_ENTRY pointer="TRUE" tag="short log">
                                <name pointer="TRUE" type="6">
                                    <value__PO__cs_val__PC__>short log</value__PO__cs_val__PC__>
                                </name>
                                <value pointer="TRUE" type="1">
                                    <value__PO__i_val__PC__>1</value__PO__i_val__PC__>
                                </value>
                            </attrs_ENTRY>
                        </attrs>
                    </item__PO__ent__PC__>
                </items_ENTRY>
                <items_ENTRY item_type="2" pointer="TRUE" tag="Input data 7">
                    <name pointer="TRUE" type="9">
                        <value__PO__ws_val__PC__>Allgemeine Informationen</value__PO__ws_val__PC__>
                    </name>
                    <item__PO__ent__PC__ pointer="TRUE" tag="NULL">
                        <name>NULL</name>
                        <attrs SOAP-ENC:Array="[3]">
                            <attrs_ENTRY pointer="TRUE" tag="Interface type">
                                <name pointer="TRUE" type="9">
                                    <value__PO__ws_val__PC__>Schnittstellentyp:</value__PO__ws_val__PC__>
                                </name>
                                <value pointer="TRUE" type="6">
                                    <value__PO__cs_val__PC__>STEP</value__PO__cs_val__PC__>
                                </value>
                            </attrs_ENTRY>
                            <attrs_ENTRY pointer="TRUE" tag="File name">
                                <name pointer="TRUE" type="9">
                                    <value__PO__ws_val__PC__>Dateiname:</value__PO__ws_val__PC__>
                                </name>
                                <value pointer="TRUE" type="10">
                                    <value__PO__ws_val__PC__>C:\Users\lucas\Desktop\KSD301 v8.step</value__PO__ws_val__PC__>
                                </value>
                            </attrs_ENTRY>
                            <attrs_ENTRY pointer="TRUE" tag="Model name">
                                <name pointer="TRUE" type="9">
                                    <value__PO__ws_val__PC__>Modellname:</value__PO__ws_val__PC__>
                                </name>
                                <value pointer="TRUE" type="10">
                                    <value__PO__ws_val__PC__>Contact_pin</value__PO__ws_val__PC__>
                                </value>
                            </attrs_ENTRY>
                        </attrs>
                    </item__PO__ent__PC__>
                </items_ENTRY>
                <items_ENTRY item_type="2" pointer="TRUE" tag="Page info 8">
                    <name>NULL</name>
                    <item__PO__ent__PC__ pointer="TRUE" tag="NULL">
                        <name>NULL</name>
                        <attrs SOAP-ENC:Array="[3]">
                            <attrs_ENTRY pointer="TRUE" tag="current page">
                                <name pointer="TRUE" type="6">
                                    <value__PO__cs_val__PC__>current page</value__PO__cs_val__PC__>
                                </name>
                                <value pointer="TRUE" type="1">
                                    <value__PO__i_val__PC__>8</value__PO__i_val__PC__>
                                </value>
                            </attrs_ENTRY>
                            <attrs_ENTRY pointer="TRUE" tag="total pages">
                                <name pointer="TRUE" type="6">
                                    <value__PO__cs_val__PC__>total pages</value__PO__cs_val__PC__>
                                </name>
                                <value pointer="TRUE" type="1">
                                    <value__PO__i_val__PC__>11</value__PO__i_val__PC__>
                                </value>
                            </attrs_ENTRY>
                            <attrs_ENTRY pointer="TRUE" tag="short log">
                                <name pointer="TRUE" type="6">
                                    <value__PO__cs_val__PC__>short log</value__PO__cs_val__PC__>
                                </name>
                                <value pointer="TRUE" type="1">
                                    <value__PO__i_val__PC__>1</value__PO__i_val__PC__>
                                </value>
                            </attrs_ENTRY>
                        </attrs>
                    </item__PO__ent__PC__>
                </items_ENTRY>
                <items_ENTRY item_type="2" pointer="TRUE" tag="Input data 8">
                    <name pointer="TRUE" type="9">
                        <value__PO__ws_val__PC__>Allgemeine Informationen</value__PO__ws_val__PC__>
                    </name>
                    <item__PO__ent__PC__ pointer="TRUE" tag="NULL">
                        <name>NULL</name>
                        <attrs SOAP-ENC:Array="[3]">
                            <attrs_ENTRY pointer="TRUE" tag="Interface type">
                                <name pointer="TRUE" type="9">
                                    <value__PO__ws_val__PC__>Schnittstellentyp:</value__PO__ws_val__PC__>
                                </name>
                                <value pointer="TRUE" type="6">
                                    <value__PO__cs_val__PC__>STEP</value__PO__cs_val__PC__>
                                </value>
                            </attrs_ENTRY>
                            <attrs_ENTRY pointer="TRUE" tag="File name">
                                <name pointer="TRUE" type="9">
                                    <value__PO__ws_val__PC__>Dateiname:</value__PO__ws_val__PC__>
                                </name>
                                <value pointer="TRUE" type="10">
                                    <value__PO__ws_val__PC__>C:\Users\lucas\Desktop\KSD301 v8.step</value__PO__ws_val__PC__>
                                </value>
                            </attrs_ENTRY>
                            <attrs_ENTRY pointer="TRUE" tag="Model name">
                                <name pointer="TRUE" type="9">
                                    <value__PO__ws_val__PC__>Modellname:</value__PO__ws_val__PC__>
                                </name>
                                <value pointer="TRUE" type="10">
                                    <value__PO__ws_val__PC__>Body1-82</value__PO__ws_val__PC__>
                                </value>
                            </attrs_ENTRY>
                        </attrs>
                    </item__PO__ent__PC__>
                </items_ENTRY>
                <items_ENTRY item_type="2" pointer="TRUE" tag="Page info 9">
                    <name>NULL</name>
                    <item__PO__ent__PC__ pointer="TRUE" tag="NULL">
                        <name>NULL</name>
                        <attrs SOAP-ENC:Array="[3]">
                            <attrs_ENTRY pointer="TRUE" tag="current page">
                                <name pointer="TRUE" type="6">
                                    <value__PO__cs_val__PC__>current page</value__PO__cs_val__PC__>
                                </name>
                                <value pointer="TRUE" type="1">
                                    <value__PO__i_val__PC__>9</value__PO__i_val__PC__>
                                </value>
                            </attrs_ENTRY>
                            <attrs_ENTRY pointer="TRUE" tag="total pages">
                                <name pointer="TRUE" type="6">
                                    <value__PO__cs_val__PC__>total pages</value__PO__cs_val__PC__>
                                </name>
                                <value pointer="TRUE" type="1">
                                    <value__PO__i_val__PC__>11</value__PO__i_val__PC__>
                                </value>
                            </attrs_ENTRY>
                            <attrs_ENTRY pointer="TRUE" tag="short log">
                                <name pointer="TRUE" type="6">
                                    <value__PO__cs_val__PC__>short log</value__PO__cs_val__PC__>
                                </name>
                                <value pointer="TRUE" type="1">
                                    <value__PO__i_val__PC__>1</value__PO__i_val__PC__>
                                </value>
                            </attrs_ENTRY>
                        </attrs>
                    </item__PO__ent__PC__>
                </items_ENTRY>
                <items_ENTRY item_type="2" pointer="TRUE" tag="Input data 9">
                    <name pointer="TRUE" type="9">
                        <value__PO__ws_val__PC__>Allgemeine Informationen</value__PO__ws_val__PC__>
                    </name>
                    <item__PO__ent__PC__ pointer="TRUE" tag="NULL">
                        <name>NULL</name>
                        <attrs SOAP-ENC:Array="[3]">
                            <attrs_ENTRY pointer="TRUE" tag="Interface type">
                                <name pointer="TRUE" type="9">
                                    <value__PO__ws_val__PC__>Schnittstellentyp:</value__PO__ws_val__PC__>
                                </name>
                                <value pointer="TRUE" type="6">
                                    <value__PO__cs_val__PC__>STEP</value__PO__cs_val__PC__>
                                </value>
                            </attrs_ENTRY>
                            <attrs_ENTRY pointer="TRUE" tag="File name">
                                <name pointer="TRUE" type="9">
                                    <value__PO__ws_val__PC__>Dateiname:</value__PO__ws_val__PC__>
                                </name>
                                <value pointer="TRUE" type="10">
                                    <value__PO__ws_val__PC__>C:\Users\lucas\Desktop\KSD301 v8.step</value__PO__ws_val__PC__>
                                </value>
                            </attrs_ENTRY>
                            <attrs_ENTRY pointer="TRUE" tag="Model name">
                                <name pointer="TRUE" type="9">
                                    <value__PO__ws_val__PC__>Modellname:</value__PO__ws_val__PC__>
                                </name>
                                <value pointer="TRUE" type="10">
                                    <value__PO__ws_val__PC__>Contact_Mirror_</value__PO__ws_val__PC__>
                                </value>
                            </attrs_ENTRY>
                        </attrs>
                    </item__PO__ent__PC__>
                </items_ENTRY>
                <items_ENTRY item_type="2" pointer="TRUE" tag="Page info 10">
                    <name>NULL</name>
                    <item__PO__ent__PC__ pointer="TRUE" tag="NULL">
                        <name>NULL</name>
                        <attrs SOAP-ENC:Array="[3]">
                            <attrs_ENTRY pointer="TRUE" tag="current page">
                                <name pointer="TRUE" type="6">
                                    <value__PO__cs_val__PC__>current page</value__PO__cs_val__PC__>
                                </name>
                                <value pointer="TRUE" type="1">
                                    <value__PO__i_val__PC__>10</value__PO__i_val__PC__>
                                </value>
                            </attrs_ENTRY>
                            <attrs_ENTRY pointer="TRUE" tag="total pages">
                                <name pointer="TRUE" type="6">
                                    <value__PO__cs_val__PC__>total pages</value__PO__cs_val__PC__>
                                </name>
                                <value pointer="TRUE" type="1">
                                    <value__PO__i_val__PC__>11</value__PO__i_val__PC__>
                                </value>
                            </attrs_ENTRY>
                            <attrs_ENTRY pointer="TRUE" tag="short log">
                                <name pointer="TRUE" type="6">
                                    <value__PO__cs_val__PC__>short log</value__PO__cs_val__PC__>
                                </name>
                                <value pointer="TRUE" type="1">
                                    <value__PO__i_val__PC__>1</value__PO__i_val__PC__>
                                </value>
                            </attrs_ENTRY>
                        </attrs>
                    </item__PO__ent__PC__>
                </items_ENTRY>
                <items_ENTRY item_type="2" pointer="TRUE" tag="Input data 10">
                    <name pointer="TRUE" type="9">
                        <value__PO__ws_val__PC__>Allgemeine Informationen</value__PO__ws_val__PC__>
                    </name>
                    <item__PO__ent__PC__ pointer="TRUE" tag="NULL">
                        <name>NULL</name>
                        <attrs SOAP-ENC:Array="[3]">
                            <attrs_ENTRY pointer="TRUE" tag="Interface type">
                                <name pointer="TRUE" type="9">
                                    <value__PO__ws_val__PC__>Schnittstellentyp:</value__PO__ws_val__PC__>
                                </name>
                                <value pointer="TRUE" type="6">
                                    <value__PO__cs_val__PC__>STEP</value__PO__cs_val__PC__>
                                </value>
                            </attrs_ENTRY>
                            <attrs_ENTRY pointer="TRUE" tag="File name">
                                <name pointer="TRUE" type="9">
                                    <value__PO__ws_val__PC__>Dateiname:</value__PO__ws_val__PC__>
                                </name>
                                <value pointer="TRUE" type="10">
                                    <value__PO__ws_val__PC__>C:\Users\lucas\Desktop\KSD301 v8.step</value__PO__ws_val__PC__>
                                </value>
                            </attrs_ENTRY>
                            <attrs_ENTRY pointer="TRUE" tag="Model name">
                                <name pointer="TRUE" type="9">
                                    <value__PO__ws_val__PC__>Modellname:</value__PO__ws_val__PC__>
                                </name>
                                <value pointer="TRUE" type="10">
                                    <value__PO__ws_val__PC__>Contact_pin_Mirror_</value__PO__ws_val__PC__>
                                </value>
                            </attrs_ENTRY>
                        </attrs>
                    </item__PO__ent__PC__>
                </items_ENTRY>
                <items_ENTRY item_type="2" pointer="TRUE" tag="Page info 11">
                    <name>NULL</name>
                    <item__PO__ent__PC__ pointer="TRUE" tag="NULL">
                        <name>NULL</name>
                        <attrs SOAP-ENC:Array="[3]">
                            <attrs_ENTRY pointer="TRUE" tag="current page">
                                <name pointer="TRUE" type="6">
                                    <value__PO__cs_val__PC__>current page</value__PO__cs_val__PC__>
                                </name>
                                <value pointer="TRUE" type="1">
                                    <value__PO__i_val__PC__>11</value__PO__i_val__PC__>
                                </value>
                            </attrs_ENTRY>
                            <attrs_ENTRY pointer="TRUE" tag="total pages">
                                <name pointer="TRUE" type="6">
                                    <value__PO__cs_val__PC__>total pages</value__PO__cs_val__PC__>
                                </name>
                                <value pointer="TRUE" type="1">
                                    <value__PO__i_val__PC__>11</value__PO__i_val__PC__>
                                </value>
                            </attrs_ENTRY>
                            <attrs_ENTRY pointer="TRUE" tag="short log">
                                <name pointer="TRUE" type="6">
                                    <value__PO__cs_val__PC__>short log</value__PO__cs_val__PC__>
                                </name>
                                <value pointer="TRUE" type="1">
                                    <value__PO__i_val__PC__>1</value__PO__i_val__PC__>
                                </value>
                            </attrs_ENTRY>
                        </attrs>
                    </item__PO__ent__PC__>
                </items_ENTRY>
                <items_ENTRY item_type="2" pointer="TRUE" tag="Input data 11">
                    <name pointer="TRUE" type="9">
                        <value__PO__ws_val__PC__>Allgemeine Informationen</value__PO__ws_val__PC__>
                    </name>
                    <item__PO__ent__PC__ pointer="TRUE" tag="NULL">
                        <name>NULL</name>
                        <attrs SOAP-ENC:Array="[3]">
                            <attrs_ENTRY pointer="TRUE" tag="Interface type">
                                <name pointer="TRUE" type="9">
                                    <value__PO__ws_val__PC__>Schnittstellentyp:</value__PO__ws_val__PC__>
                                </name>
                                <value pointer="TRUE" type="6">
                                    <value__PO__cs_val__PC__>STEP</value__PO__cs_val__PC__>
                                </value>
                            </attrs_ENTRY>
                            <attrs_ENTRY pointer="TRUE" tag="File name">
                                <name pointer="TRUE" type="9">
                                    <value__PO__ws_val__PC__>Dateiname:</value__PO__ws_val__PC__>
                                </name>
                                <value pointer="TRUE" type="10">
                                    <value__PO__ws_val__PC__>C:\Users\lucas\Desktop\KSD301 v8.step</value__PO__ws_val__PC__>
                                </value>
                            </attrs_ENTRY>
                            <attrs_ENTRY pointer="TRUE" tag="Model name">
                                <name pointer="TRUE" type="9">
                                    <value__PO__ws_val__PC__>Modellname:</value__PO__ws_val__PC__>
                                </name>
                                <value pointer="TRUE" type="10">
                                    <value__PO__ws_val__PC__>Body1-84</value__PO__ws_val__PC__>
                                </value>
                            </attrs_ENTRY>
                        </attrs>
                    </item__PO__ent__PC__>
                </items_ENTRY>
            </items>
        </item__PO__item_set__PC__>
    </item>
</XML_DOCUMENT>
